{
	"titles": {
		"login": "الدخول",
		"signup": "حساب جديد",
		"code": "الرمز",
		"package": "الحزمة",
		"information": "المعلومات",
		"welcome": "أهلًا بك",
		"step": "خطوة",
		"forgetPassword": "نسيت كلمة المرور",
		"newPassword": "كلمة مرور جديدة",
		"openLibrary": "المكتبة المفتوحة",
		"activeAssignment": "الواجبات المطلوبة",
		"continueReading": "أكمل القراءة",
		"favorites": "كتبي المفضلة",
		"yourLevel": "أنت في مستوى",
		"completedAssignment": " الواجبات المنجزة ",
		"publishers": "الناشرين"
	},
	"book": {
		"read": "قراءة",
		"listen": "استماع",
		"quiz": "تحدي",
		"book": "كتاب",
		"download": "تحميل"
	},
	"homeScreen": {
		"wellDone": "أحسنت {{name}} 👏",
		"readAnother": "عدد الكتب المتبقية للحصول على الوسام التالي هو {{number}}",
		"books": "كتاب",
		"hours": "ساعة",
		"minutes": "دقيقة",
		"points": "نقطة",
		"assignments": "الواجبات",
		"studentInfo": "معلومات الطالب",
		"individualInfo": "معلومات الحساب",
		"dailyChallenge": "تحدّي اليوم",
		"yourChallenge": "عليك قراءة {{number}} ساعة",
		"completedHours": "الساعات المنجزة",
		"levelsMap": "خريطة المستويات",
		"openlevelsMap": "تصفح خريطة المستويات",
		"openleaderboard": "تصفح  قائمة الصدارة",
		"badges": "الأوسمة",
		"leaderboard": "قائمة الصدارة",
		"skillsDevelopment": "تطوُّر مهاراتي",
		"switchAccount": "تحويل إلى حساب آخر",
		"settings": "الإعدادات",
		"signOut": "الخروج",
		"soon": "قريبًا",
		"myProfile": "ملفي الشخصي"
	},
	"completedBooks": {
		"youHaveFinished": "أبدعت! عدد الكتب التي أنهيت قراءتها <span>{{number}}</span> 👏",
		"totalReading": "ومجموع الدقائق المقروءة في {{language}} هو <span>{{number}}</span>",
		"totalReadingmin": "مجموع الدقائق المقروءة في {{language}} هو<span>{{number}}</span>"
	},
	"mainSlides": {
		"assignments": {
			"view": "عرض",
			"dueDate": "تاريخ التسليم",
			"noAssignments": "لا يوجد لديك أي واجبات ",
			"exploreLibrary": "ألقِ نظرة على المكتبة"
		},
		"level": {
			"readAnother": "اقرأ",
			"readAnother2": "كتاب ",
			"readAnother3": "لتصعد إلى",
			"level": "المستوى",
			"complete": "انتهى من",
			"books": "كتاب",
			"hrs": "ساعة",
			"mins": "دقيقة"
		},
		"tutorial": {
			"assignments": "انقر زر الواجبات لصفحة الواجبات المطلوبة",
			"home": "انقر زر ملفي في الأسفل لصفحة الملف الشخصي",
			"level": "انقر زر المستوى لمعرفة مستواك",
			"openLibrary": "انقر زر المكتبة المفتوحة للدخول فيها"
		}
	},
	"assignments": {
		"newAssignment": "واجب جديد",
		"teacherName": "اسم المعلم",
		"dueDate": "تاريخ التسليم",
		"status": "الحالة",
		"assignmentDescription": "وصف الواجب",
		"assignmentTitle": "عنوان الواجب",
		"attachment": "مرفقات",
		"completedAssignments": "الواجبات المنجزة",
		"feedback": "ملاحظات",
		"view": "عرض",
		"teacherFeedback": "ملاحظات المعلم",
		"teacherNote": "ملاحظات المعلم",
		"teacherRecord": "سجلّ المعلم",
		"overdueAssignments": "الواجبات المنجزة",
		"completed": "المنجزة",
		"overdue": "تجاوزت الموعد",
		"active": "المطلوبة",
		"confirmSubmit": "هل تريد إرسال الواجب الآن؟",
		"yesSubmit": "نعم،أرسل",
		"cancel": "إلغاء",
		"backToAssignments": "العودة إلى الواجبات",
		"assignmentSuccess": "أُرسل الواجب بنجاح"
	},
	"search": {
		"books": "كتب",
		"audio": "صوتي",
		"video": "فيديو",
		"magazines": "مجلّات",
		"noResult": "لم نجد كتبًا لها علاقة ب",
		"more": "المزيد"
	},
	"bookScreen": {
		"read": "قراءة",
		"listen": "استماع",
		"quiz": "التحدي",
		"ratings": "التقييمات",
		"record": "صوت",
		"highlight": "تظليل",
		"note": "ملاحظة",
		"publisherName": "الناشر",
		"writerName": "المؤلف",
		"bookLevel": "مستوى الكتاب",
		"friends": "الأصدقاء",
		"frientsReadThisBook": "الأصدقاء الذين قرأوا الكتاب",
		"bookDescription": "وصف الكتاب",
		"innerPages": "صفحات داخلية",
		"tags": "كلمات مفتاحية",
		"rating": "التقييمات",
		"relatedBooks": "كتب ذات صلة",
		"addRating": "قيّم الكتاب",
		"editRating": "تعديل التقييم",
		"viewAllRatings": "جميع التقييمات",
		"learn": "رائع! تعلمتَ في هذا المستوى  ",
		"levelLibrary": "مستوى {{level}} كتب",
		"youRating": "تقييمك للقصة",
		"thankyouRating": "مذهل! شكرًا لإضافة تقييمك، رأيك مهم!",
		"check": "تحقق"
	},
	"filter": {
		"filter": "فلتر",
		"levels": "المستويات",
		"genre": "النوع الأدبي",
		"subjects": "الموضوعات",
		"resetFilter": "إعادة تعيين الفلتر",
		"all": "الكل",
		"nonFiction": "واقعي",
		"fiction": "خيالي",
		"apply": "تنفيذ"
	},
	"notifications": {
		"congrats": "أحسنت 🎉",
		"dueDate": "تاريخ التسليم",
		"youEarned": "رائع، لقد حصلت على {{points}} نقطة",
		"totalPoints": "مجموع النقاط:  {{points}} نقطة",
		"youEarnedBadge": "رائع لقد حصلت على وسام جديد",
		"completed": "عدد الكتب المنجزة هو {{number}}",
		"noNotifications": "لا يوجد تنبيهات"
	},
	"bookComponent": {
		"tutorial": {
			"recordTool": "أداة التسجيل",
			"recordToolDesc": "وصف أداة التسجيل",
			"noteTool": "أداة تسجيل الملاحظات",
			"noteToolDesc": "وصف أداة تسجيل الملاحظات"
		},
		"done": "تم",
		"additions": "إضافات",
		"definition": "تعريف",
		"sentenceMeans": "هذه الجملة تعني",
		"addNote": "أضف ملاحظات",
		"typeNoteHere": "اكتب ملاحظاتك هنا",
		"save": "حفظ في حسابي",
		"share": "شارك مع المعلم",
		"note": "ملاحظة",
		"recordings": "التسجيلات الصوتية",
		"highlights": "تظليل",
		"vocabularies": "مفردات",
		"date": "التاريخ",
		"areYouSure": "انتظر! هل تريد حذف {{name}}?",
		"yes": "نعم",
		"yes,": "نعم، {{name}}",
		"cancel": "إلغاء",
		"shareConfirm": "هل ترغب في مشاركة التظليلات مع المعلم؟",
		"bravo": "برافووو",
		"youFinished": "أحسنت! لقد أنهيت {{mode}} الكتاب",
		"tryAgain": "حاول مرة أخرى",
		"readAgain": "اقرأ مرة اخرى",
		"spendMoreTime": "خصص مزيدًا من الوقت في القراءة لتحصل على نقاطك",
		"reading": "قراءة",
		"listening": "استماع",
		"points": "وربحت ",
		"points2": "{{points}}",
		"points3": "نقطة 👏",
		"rateBook": "قيّم الكتاب",
		"takeQuiz": "أجب عن أسئلة التحدي",
		"goBack": "العودة إلى صفحة الكتاب",
		"vocabulary": "المفردات",
		"wordType": "أقسام الكلام",
		"sentence": "جملة مفيدة",
		"add": "إضافة",
		"levelUp": "🎉 لقد انتقلت الى المستوى {{level}}",
		"deleteRecord": "انتظر! هل تريد حذف التسجيل الصوتي؟",
		"deleteHighlight": "انتظر! هل تريد حذف التظليل؟",
		"shareHighlight": "هل ترغب في مشاركة التظليلات مع المعلم؟",
		"deleteVocabulary": "انتظر! هل تريد حذف المفردات؟",
		"shareVocabulary": "هل ترغب في مشاركة المفردات مع المعلم؟",
		"shareRecord": "هل ترغب في مشاركة التسجيل الصوتي مع المعلم؟",
		"yesShare": "نعم، شارك",
		"yesDelete": "نعم، احذف",
		"typeHere": "اكتب هنا",
		"page": "الصفحة",
		"noun": "اسم",
		"verb": "فعل",
		"letter": "حرف",
		"goToTools": "العودة إلى الأدوات",
		"startRecording": "اضغط هنا لبدء التسجيل",
		"discardRecord": "هناك تسجيل صوتي لم يتم ايقافه, الرجاء التأكد من ايقاف التسجيل ومشاركته مع المعلم",
		"ok": "حسناً"
	},
	"quiz": {
		"bravo": "برافووو أبدعت",
		"youAnswered": "لقد حصلت على",
		"correctly": "",
		"youEarned": "حصلت على",
		"points": "{{points}} نقطة 👏",
		"readAgain": "ما رأيك بقراءة القصة مرة أخرى ثم الإجابة عن أسئلة التحدي؟",
		"next": "التالي",
		"explore": "اسكتشف كتبًا أخرى",
		"readAgainButton": "قراءة مرة أخرى",
		"goBack": "العودة إلى صفحة الكتاب",
		"ModalDescription": "الرجاء قراءة الكتاب أو الاستماع إليه لتتمكن من الكشف عن التحدي"
	},
	"readingTime": {
		"readingTime": "وقت القراءة",
		"total": "الوقت الذي قضيته في القراءة هو <span>{{number}} </span>  ساعة 👏..",
		"totalmins": "الوقت الذي قضيته في القراءة هو <span>{{number}} </span>  دقيقة 👏..",
		"daily": "متوسط القراءة اليومية <span>{{number}} </span>  ساعة",
		"dailyminutes": "متوسط القراءة اليومية <span>{{number}} </span>  دقيقة",
		"weekly": "أسبوعي",
		"monthly": "شهري",
		"week": "أسبوع",
		"totalTime": "الوقت الكلي/أسبوع",
		"totalTimeMonth": "الوقت الكلي/شهر",
		"arabicBooks": "الكتب العربية",
		"englishBooks": "الكتب الإنكليزية",
		"frenchBook": "الكتب الفرنسية",
		"assignments": "الواجبات"
	},
	"totalPoints": {
		"totalPointsTitle": "مجموع النقاط",
		"totalPoints": "مجموع نقاطك هو  <span>{{number}} </span>  نقطة 👏..",
		"daily": "المتوسط اليومي للقراءة {{number}} ساعة",
		"pointsBreakdown": "عرض تفصيلي للنقاط",
		"completedAssignments": "الواجبات المنجزة",
		"points": "النقاط",
		"completedBooks": "الكتب المقروءة",
		"newBadges": "الأوسمة الجديدة",
		"newLevel": "مستوى جديد",
		"leaderboardTop": "ال 10 الأوائل في قائمة الصدارة"
	},
	"levelsMap": {
		"levelsMap": "خريطة المستويات",
		"level": "مستوى",
		"learn": "في هذا المستوى تعلَّمت التالي",
		"books": "كتاب",
		"points": "نقطة",
		"levelLibrary": "مستوى {{level}} كتب",
		"congratulations": "وهووو، رائع 🎉",
		"finished": "عمل جبّار! أنهيتَ جميع المستويات",
		"superStar": "يا لك من بطل خارق 🎈",
		"top": "أعلى"
	},
	"badges": {
		"wellDone": "أنت عبقري {{name}} 👍",
		"youWorked": "لقد عملت بجد واجتهاد كبير لإتمام هذا",
		"book": "كتاب",
		"point": "نقطة",
		"latestBadge": "الوسام الأحدث",
		"badgeslist": "لائحة الأوسمة",
		"openbadges": "تصفح لائحة الأوسمة"
	},
	"leaderboard": {
		"leaderboard": "قائمة الصدارة",
		"readingLevel": "مستوى القراءة",
		"classLevel": "مستوى الصف",
		"schoolLevel": "مستوى المدرسة",
		"place": "المركز",
		"keepWorking": "اقتربت جدًّا من تحقيق المطلوب 👍",
		"readAnother": "اقرأ {{text}} لتصل إلى",
		"books": "كتب",
		"points": "نقاط",
		"you": "أنت"
	},
	"settings": {
		"settings": "الإعدادات",
		"notifications": "التنبيهات",
		"assignments": "الواجبات",
		"teacherFeedback": "ملاحظات المعلم",
		"continueReading": "أكمل القراءة",
		"achievements": "الإنجازات",
		"badges,rewards": "(الأوسمة والمكافآت والنقاط والمستويات)",
		"dailyAdvices": "نصيحة اليوم",
		"interests": "الاهتمامات",
		"edit": "تعديل",
		"booksTopics": "مواضيع الكتب",
		"password": "كلمة المرور",
		"interfaceLanguage": "لغة التطبيق",
		"appBackgroundColor": "لون خلفية التطبيق",
		"downloadedBooks": "الكتب المحمّلة",
		"privacyPolicy": "سياسة الخصوصية",
		"terms": "الشروط والأحكام",
		"contact": "اتصل بنا",
		"aboutKutubee": "عن كتبي",
		"booksTopicsText": "اختر موضوعات الكتب المفضلة لديك",
		"appLanguageText": "=اختر لغة التطبيق",
		"editPassword": "تعديل كلمة المرور",
		"editPasswordText": "<bold>أدخل بريدك الإلكتروني</bold> لاستقبال  كلمة مرور جديدة",
		"appBackgroundColorText": "اختر <bold>  لونك المفضل </bold>للتطبيق",
		"selected": "جرى التحديد",
		"select": "اختيار",
		"selectAll": "تحديد الجميع",
		"rateApp": "قيّم التطبيق",
		"visitWebsite": "زيارة الموقع الإلكتروني",
		"editAvatar": "تعديل الأفاتار",
		"wow": "مذهل",
		"niceAvatar": "أفاتار رائع",
		"home": "الرئيسية",
		"avatartext": "الرجاء اختيار نوع <bold> الأفاتار </bold> ",
		"Avatar": "أفاتار ",
		"attachement": "مرفق ",
		"submit": "إرسال",
		"completedbookslang": "لقد أنهيت قراءة  {{number}} كتاب👏.. مجموع الساعات المقروءة للغة العربية {{number2}}ساعة",
		"completedbookslangen": "لقد أنهيت قراءة  {{number}}للغة الإنكليزية{{number2}}ساعة",
		"completedbookslangfr": "لقد أنهيت قراءة  {{number}} كتاب👏.. مجموع الساعات المقروءة للغة الفرنسية {{number2}}ساعة"
	},
	"skillsDevelopment": {
		"skillsDevelopment": "تطوُّر المهارات",
		"skillsDevelopmentText": "Lorem ipsum dolor sit amet, consectetur adipiscing elit Lorem ipsum dolor"
	},
	"dailyAdvice": "نصيحة اليوم",
	"login": {
		"haveAccount": "ليس لديك حساب؟",
		"incorrect": "اسم المستخدم أو كلمة المرور غير صحيحة",
		"expired": "انتهت صلاحية هذا الحساب، يرجى تجديد الاشتراك.",
		"forgotPassword": "نسيت كلمة المرور؟",
		"expired2": "انتهى الاشتراك في تاريخ",
		"renewed": "ويييها، جرى تجديد الاشتراك بنجاح",
		"families": "عائلات",
		"schools": "مدارس",
		"username": "اسم المستخدم",
		"password": "كلمة المرور",
		"forgetPassword": "نسيت كلمة المرور؟",
		"microsoftTeam": "Microsoft teams",
		"googleClassroom": "Google classroom",
		"loginType": "اختر نوع حسابك",
		"loginScreenText": "أدخل اسم المستخدم وكلمة المرور",
		"google": "جوجل",
		"apple": "أبل",
		"facebook": "فيسبوك",
		"youDontHaveAccount": "ليس لديك حساب؟",
		"signUp": "تسجيل حساب جديد",
		"email": "البريد الإلكتروني",
		"confirmPassword": "تأكيد كلمة المرور",
		"phone": "رقم الهاتف",
		"confirmationCode": "يرجى اإدخال الرمز المرسَل",
		"confirmationCode2": "رمز التأكيد",
		"next": "التالي",
		"notRecieve": "لم يصل إليك الرمز؟ ",
		"resend": "أعد إرسال الرمز",
		"subscriptions": [
			{
				"title": "شهري",
				"price": "3.99",
				"accounts": "3 أطفال",
				"freeMonths": "شهر تجربة مجاني",
				"cancelation": "إلغاء في أي وقت",
				"productId": "kutubee_monthly",
				"productIdios": "kutubee_monthly",
				"duration": "1",
				"color": "#FEDC00"
			},
			{
				"title": "سنوي",
				"price": "39.99",
				"priceBefore": "47.99",
				"accounts": "3 أطفال",
				"freeMonths": "شهر تجربة مجاني",
				"cancelation": "إلغاء في أي وقت",
				"productId": "kutubee_yearly",
				"productIdios": "kutubee_yearly",
				"duration": "1",
				"color": "#6ECEF5"
			}
		],
		"subscribe": "اشترك",
		"name": "الاسم",
		"age": "العمر",
		"gender": "الجنس",
		"male": "ذكر",
		"female": "أنثى",
		"explore": "استكشف المكتبة",
		"addAnotherAccount": "إضافة حساب آخر",
		"usernameError": "خطأ في اسم المستخدم",
		"chooseAvatar": "اختر الشخصية الافتراضية",
		"avatar": "الشخصية الافتراضية",
		"human": "إنسان",
		"robot": "آلي",
		"monster": "وحش",
		"interestsMessage": "اختر 3 موضوعات على الأقل",
		"forgetPasswordMessage": "أدخل<bold> بريدك الإلكتروني </bold> لإرسال كلمة مرور جديدة",
		"emailWrong": "خطأ في البريد الإلكتروني",
		"emailExist": "البريد الاإكتروني مستخدم سابقًا",
		"or": "أو"
	},
	"forgetPassword": {
		"noUser": "هذا الحساب غير موجود",
		"emailErrorMessage": "يرجى إدخال بريد إلكتروني صحيح",
		"emailSent": "جرى إرسال التفاصيل إلى البريد الإلكتروني",
		"goBack": "العودة",
		"typErrorMessage": "لا يمكنك إعادة ضبط كلمة المرور لهذا الحساب"
	},
	"points": {
		"bookFavorites": "لقد حصلت على {{points}} نقاط 🎉"
	},
	"placementTest": {
		"locked": "إاقرأ كتابًا لتحدد مستواك في القراءة",
		"knowLevel": "حدد مستواك",
		"chooseStory": "اختر كتابًا تريد قراءته",
		"chooseStory2": "اختر قصة",
		"readAgain": "أريد القراءة مرة أخرى",
		"tryAnotherStory": "لنحاول قراءة قصة أخرى!",
		"moreInformation": "نحتاج إلى المزيد من المعلومات لتفضيل المستوى الصحيح",
		"exit": "الخروج",
		"allSet": "أنت جاهز, {{name}}!",
		"recommendedLevel": "المستوى المقترح بناءً على التقييم:",
		"levelMean": "ماذا يعني مستواي؟",
		"startJourney": "ابدأ رحلتك"
	},
	"avatar": {
		"redeem": {
			"currentPoint": "نقاطك الحالية هي",
			"getItem": "احصل على هذا الشكل بعد تبديل {{points}} نقاط",
			"redeemPoints": "تبديل النقاط"
		}
	},
	"doneMessages": {
		"shareAudio": "جرت مشاركة التسجيل الصوتي مع المعلم",
		"shareHighlight": "جرت مشاركة التظليل مع المعلم",
		"shareVocabulary": "جرت مشاركة المفردة بنجاح",
		"shareNote": "جرت مشاركة الملاحظة مع المعلم"
	}
}