{
    "titles": {
        "login": "Login",
        "signup": "Signup",
        "code": "Code",
        "package": "Package",
        "information": "Information",
        "welcome": "Welcome",
        "step": "Step",
        "forgetPassword": "Forget Password",
        "newPassword": "New Password",
        "openLibrary": "Open Library",
        "activeAssignment": "Active Assignment",
        "continueReading": "Continue Reading",
        "favorites": "Favorites",
        "yourLevel": "Your level is",
        "completedAssignment": "Completed Assignment",
        "publishers": "Publishers"
    },
    "book": {
        "read": "Read",
        "listen": "Listen",
        "quiz": "Quiz",
        "book": "Book",
        "download": "Download"
    },
    "homeScreen": {
        "wellDone": "Well done {{name}} 👏",
        "readAnother": "Read another {{number}} to reach the next badge",
        "books": "Books",
        "hours": "Hours",
        "minutes": "minutes",
        "points": "Points",
        "assignments": "Assignments",
        "studentInfo": "Student Info",
        "individualInfo": "Info",
        "dailyChallenge": "Daily challenge",
        "yourChallenge": "Your challenge is to read for {{number}} Hours",
        "completedHours": "Completed hours",
        "levelsMap": "Levels Map",
        "openlevelsMap": "Open levels map",
        "openleaderboard": "Open leader board",
        "badges": "Badges",
        "leaderboard": "Leaderboard",
        "skillsDevelopment": "Skills Development",
        "switchAccount": "Switch account",
        "settings": "Settings",
        "signOut": "Sign out",
        "soon": "Soon",
        "myProfile": "My Profile"
    },
    "completedBooks": {
        "youHaveFinished": "You have finished  <span>{{number}}</span>  books 👏",
        "totalReading": "Total reading time for {{language}} books is  <span>{{number}}</span>  hours",
        "totalReadingmin": "Total reading time for {{language}} books is  <span>{{number}}</span>  minutes"
    },
    "mainSlides": {
        "assignments": {
            "view": "View",
            "dueDate": "Due date",
            "noAssignments": "You don't have any active assignments",
            "exploreLibrary": "Explore thge library"
        },
        "level": {
            "readAnother": "Read",
            "readAnother2": "books",
            "readAnother3": "to move to",
            "level": "level",
            "complete": "out of",
            "books": "books",
            "hrs": "hrs",
            "mins": "mins"
        },
        "tutorial": {
            "assignments": "Slide up to view all active assignments ",
            "home": "Slide down to view your profile",
            "level": "Slide right to view your level",
            "openLibrary": "Slide left to view open library"
        }
    },
    "assignments": {
        "newAssignment": "New Assignment",
        "teacherName": "Teacher name",
        "dueDate": "Due date",
        "status": "Status",
        "assignmentDescription": "Assignment Description",
        "assignmentTitle": "Assignment Title",
        "attachment": "Attachment",
        "completedAssignments": "Completed Assignments",
        "feedback": "Feedback",
        "view": "View",
        "teacherFeedback": "Teacher Feedback",
        "teacherNote": "Teacher note",
        "teacherRecord": "Teacher Record",
        "overdueAssignments": "Overdue Assignments",
        "completed": "completed",
        "overdue": "Overdue",
        "active": "Active",
        "confirmSubmit": "Are you sure you want to submit the assignment  ?",
        "yesSubmit": "Yes Submit",
        "cancel": "Cancel",
        "backToAssignments": "Back to Assignments",
        "assignmentSuccess": "The Assignment has been submitted successfully"
    },
    "search": {
        "books": "Books",
        "audio": "Audio",
        "video": "Video",
        "magazines": "Magazines",
        "noResult": "Sorry! we couldn't find any books related to",
        "more": "More"
    },
    "bookScreen": {
        "read": "Read",
        "listen": "Listen",
        "quiz": "Quiz",
        "ratings": "Ratings",
        "record": "Record",
        "highlight": "Highlight",
        "note": "Note",
        "publisherName": "Publisher name",
        "writerName": "Writer name",
        "bookLevel": "Book level",
        "friends": "Friends",
        "frientsReadThisBook": "Friends read this book",
        "bookDescription": "Book description",
        "innerPages": "Inner pages",
        "tags": "Tags",
        "rating": "Rating",
        "relatedBooks": "Related Books",
        "addRating": "Add your rating",
        "editRating": "Edit your rating",
        "viewAllRatings": "View all ratings",
        "learn": "In this level you learned the following skills",
        "levelLibrary": "Level {{level}} books library",
        "youRating": "Your rating",
        "thankyouRating": "Thank you for  your review",
        "check": "Check"
    },
    "filter": {
        "filter": "Filter",
        "levels": "Levels",
        "genre": "Genre",
        "subjects": "Subjects",
        "resetFilter": "Reset Filter",
        "all": "All",
        "nonFiction": "Non - Fiction",
        "fiction": "Fiction",
        "apply": "Apply"
    },
    "notifications": {
        "congrats": "Congrats 🎉",
        "dueDate": "Due date",
        "youEarned": "You earned new {{points}} points",
        "youEarnedBadge": "You earned a new Badge",
        "totalPoints": "Total points {{points}} points",
        "completed": "You completed {{number}} books",
        "noNotifications": "No Notifications"
    },
    "bookComponent": {
        "tutorial": {
            "recordTool": "Record tool",
            "recordToolDesc": "Lorem ipsum dolor sit amet, consectetur adipiscing elit.",
            "noteTool": "Note tool",
            "noteToolDesc": "Lorem ipsum dolor sit amet, consectetur adipiscing elit."
        },
        "done": "Done",
        "additions": "Additions",
        "definition": "Definition",
        "sentenceMeans": "This sentence means",
        "addNote": "Add your note",
        "typeNoteHere": "Type note here",
        "save": "Save",
        "share": "Share",
        "note": "Note",
        "recordings": "Recordings",
        "highlights": "Highlights",
        "vocabularies": "Vocabularies",
        "date": "Date",
        "areYouSure": "Are you sure you want to delete {{name}}?",
        "yes": "Yes",
        "yes,": "Yes, {{name}}",
        "cancel": "Cancel",
        "shareConfirm": "Do you want to share your highlight with the teacher?",
        "bravo": "Bravo",
        "youFinished": "You finished {{mode}} the book",
        "tryAgain": "Try Again",
        "readAgain": "Read Again",
        "spendMoreTime": "Spend more time {{mode}} to get your points",
        "reading": "reading",
        "listening": "listening",
        "points": "and earned",
        "points2": "{{points}}",
        "points3": "points 👏",
        "rateBook": "Rate the book",
        "takeQuiz": "Take the quiz",
        "goBack": "Go back to book page",
        "vocabulary": "Vocabulary",
        "wordType": "Word type",
        "sentence": "Sentence",
        "add": "Add",
        "levelUp": "You promoted to the level",
        "deleteRecord": "Are you sure you want to delete record?",
        "deleteHighlight": "Are you sure you want to delete Highlight?",
        "shareHighlight": "Do you want to share your highlight with the teacher?",
        "shareRecord": "Do you want to share your record with the teacher?",
        "yesShare": "Yes, Share",
        "yesDelete": "Yes, Delete",
        "typeHere": "Type here",
        "page": "Page",
        "noun": "Noun",
        "verb": "Verb",
        "letter": "Letter",
        "goToTools": "Go back to the tools",
        "startRecording": "Click here to start recording",
        "discardRecord": "There is a recording is recording, Please make sure to stop the recording and share it with the teacher",
        "ok": "Okay"
    },
    "quiz": {
        "bravo": "Bravo",
        "youAnswered": "You answered",
        "correctly": "",
        "youEarned": "You earned",
        "points": "{{points}} points 👏",
        "readAgain": "Read the story again and then try to do the quiz",
        "next": "Next",
        "explore": "Explore the library",
        "readAgainButton": "Read Again",
        "goBack": "Go back to open library",
        "ModalDescription": "Please complete reading or listning mode to take the quiz"
    },
    "readingTime": {
        "readingTime": "Reading Time",
        "total": "Your total reading time is <span>{{number}} </span> hours 👏..",
        "totalmins": "Your total reading time is <span>{{number}} </span> minutes",
        "daily": "Daily average time is <span>{{number}} </span> hours",
        "dailyminutes": "Daily average time is <span>{{number}} </span> minutes",
        "weekly": "Weekly",
        "monthly": "Monthly",
        "week": "Week",
        "totalTime": "Total time/week",
        "totalTimeMonth": "Total time/Month",
        "arabicBooks": "Arabic books",
        "englishBooks": "English books",
        "frenchBook": "French books",
        "assignments": "Assignments"
    },
    "totalPoints": {
        "totalPointsTitle": "Total Points",
        "totalPoints": "Your total points are  <span>{{number}} </span> points 👏..",
        "daily": "Daily average time is 2 hours",
        "pointsBreakdown": "Points Breakdown",
        "completedAssignments": "Completed Assignments",
        "points": "Points",
        "completedBooks": "Completed Books",
        "newBadges": "New Badges",
        "newLevel": "New Level",
        "leaderboardTop": "Leaderboard top 10"
    },
    "levelsMap": {
        "levelsMap": "Levels Map",
        "level": "level",
        "learn": "In this level you learned the following skills",
        "books": "Books",
        "points": "Points",
        "levelLibrary": "Level {{level}} books library",
        "congratulations": "Congratulations 🎉",
        "finished": "You have finished all levels",
        "superStar": "What a superstar you are 🎈",
        "top": "Top"
    },
    "badges": {
        "wellDone": "Well done {{name}} 👍",
        "youWorked": "You've worked so hard on that",
        "book": "Book",
        "point": "Point",
        "latestBadge": "Latest badge",
        "badgeslist": "Badges List",
        "openbadges": "Open badges list"
    },
    "leaderboard": {
        "leaderboard": "Leader Board",
        "readingLevel": "Reading level",
        "classLevel": "Class level",
        "schoolLevel": "School level",
        "place": "Place",
        "keepWorking": "Keep working on it, you're almost there!! 👍",
        "readAnother": "Read another <span>{{text}}</span> books to move to",
        "books": "Books",
        "points": "Points",
        "you": "You"
    },
    "settings": {
        "settings": "Settings",
        "notifications": "Notifications",
        "assignments": "Assignments",
        "teacherFeedback": "Teacher Feedback",
        "continueReading": "Continue Reading",
        "achievements": "Achievements",
        "badges,rewards": "(badges, rewards, points & levels)",
        "dailyAdvices": "Daily advices",
        "interests": "Interests",
        "edit": "Edit",
        "booksTopics": "Books topics",
        "password": "Password",
        "interfaceLanguage": "Interface language",
        "appBackgroundColor": "App background color",
        "downloadedBooks": "Downloaded books",
        "privacyPolicy": "Privacy Policy",
        "terms": "Terms & conditions",
        "contact": "Contact us",
        "aboutKutubee": "About Kutubee",
        "booksTopicsText": "Please Choose the Books languages that you prefer to read",
        "appLanguageText": "Please Choose <bold>Language </bold> for the app",
        "editPassword": "Edit Password",
        "editPasswordText": "Please enter your <bold> Email</bold> to receieve a new password",
        "appBackgroundColorText": "Please choose the <bold>app background color </bold> that you prefer",
        "selected": "Selected",
        "select": "Select",
        "selectAll": "Select all",
        "rateApp": "Rate the app",
        "visitWebsite": "Visit website",
        "editAvatar": "Edit Avatar",
        "wow": "WOW",
        "niceAvatar": "Nice Avatar",
        "home": "Home",
        "avatartext": "Please Choose your <bold>Avatar </bold> ",
        "Avatar": "Avatar ",
        "attachement": "Attachement ",
        "submit": "Submit",
        "completedbookslang": "You have finished {{number}} books 👏..Total reading time for arabic books {{number2}}hours",
        "completedbookslangen": "You have finished {{number}} books 👏..Total reading time for English books {{number2}}hours",
        "completedbookslangfr": "You have finished {{number}} books 👏..Total reading time for French books {{number2}}hours"
    },
    "skillsDevelopment": {
        "skillsDevelopment": "Skills Development",
        "skillsDevelopmentText": "Lorem ipsum dolor sit amet, consectetur adipiscing elit Lorem ipsum dolor"
    },
    "dailyAdvice": "Daily Advice",
    "login": {
        "haveAccount": "You dont have an account?",
        "incorrect": "Username or password is incorrect",
        "expired": "This account subscription is expired",
        "forgotPassword": "Forgot your password?",
        "expired2": "This account subscription has been expired on",
        "renewed": "The subscription has been renewed successfully",
        "loginType": "Choose your account type",
        "loginScreenText": "Enter your username and password",
        "families": "Families",
        "schools": "Schools",
        "username": "Username",
        "password": "Password",
        "forgetPassword": "Forget password?",
        "microsoftTeam": "Microsoft teams",
        "googleClassroom": "Google classroom",
        "google": "Google",
        "apple": "Apple",
        "facebook": "Facebook",
        "youDontHaveAccount": "You don't have an account?",
        "signUp": "Sign up",
        "email": "Email",
        "confirmPassword": "Confirm Password",
        "phone": "Phone",
        "confirmationCode": "Please enter the ",
        "confirmationCode2": "confirmation code",
        "next": "Next",
        "notRecieve": "Did not receive a acode? ",
        "resend": "Resend",
        "subscriptions": [
            {
                "title": "Monthly",
                "price": "3.99",
                "accounts": "3 Children",
                "freeMonths": "1 month free trial",
                "cancelation": "Cancel anytime",
                "productId": "kutubee_monthly",
                "productIdios": "kutubee_monthly",
                "duration": "1",
                "color": "#FEDC00"
            },
            {
                "title": "Yearly",
                "price": "39.99",
                "priceBefore": "47.99",
                "accounts": "3 Children",
                "freeMonths": "1 month free trial",
                "cancelation": "Cancel anytime",
                "productId": "kutubee_yearly",
                "productIdios": "kutubee_yearly",
                "duration": "1",
                "color": "#6ECEF5"
            }
        ],
        "subscribe": "Subscribe",
        "name": "Name",
        "age": "Age",
        "gender": "Gender",
        "male": "Male",
        "female": "Female",
        "explore": "Explore the library",
        "addAnotherAccount": "Add another account",
        "usernameError": "User name is wrong",
        "chooseAvatar": "Please Choose your",
        "avatar": "Avatar",
        "human": "Human",
        "robot": "Robot",
        "monster": "Monster",
        "interestsMessage": "Please choose at least three topics that you prefer to read",
        "forgetPasswordMessage": "Please enter your <bold>Email </bold> to receieve a new password",
        "emailWrong": "Email is wrong",
        "emailExist": "Email is already exists",
        "or": "Or"
    },
    "forgetPassword": {
        "noUser": "This account does not exist",
        "emailErrorMessage": "Please enter a valid email",
        "emailSent": "The details has been sent to the email",
        "goBack": "Go back",
        "typErrorMessage": "You can't reset this account password"
    },
    "points": {
        "bookFavorites": "You have earned {{points}} points 🎉"
    },
    "placementTest": {
        "locked": "Read a story to unlock the leveled reading",
        "knowLevel": "Know your level",
        "chooseStory": "Choose a story you would like to read",
        "chooseStory2": "Choose a story",
        "readAgain": "I want to read again.",
        "tryAnotherStory": "Let's Try Another Story!",
        "moreInformation": "More information is needed to recommend the right level of books.",
        "exit": "Exit",
        "allSet": "All set, {{name}}!",
        "recommendedLevel": "Recommended Book Level Based on Assessment:",
        "levelMean": "What does my level mean?",
        "startJourney": "Start your Journey"
    },
    "avatar": {
        "redeem": {
            "currentPoint": "Your current points is",
            "getItem": "Get this item when you redeem {{points}} points",
            "redeemPoints": "Redeem points"
        }
    },
    "doneMessages": {
        "shareAudio": "Audio has been shared with the teacher",
        "shareHighlight": "Highlight has been shared with the teacher",
        "shareVocabulary": "Vocabulary has been shared with the teacher",
        "shareNote": "Note has been shared with the teacher"
    }
}